date,item_id,item_name,category,price,day_of_week,is_weekend,is_event,exam_season,weather_condition,temp_celsius,prev_day_demand,prev_week_demand,actual_demand,peak_hour_demand
2026-06-01,food_south_1,Crispy Butter Masala Dosa,Breakfast,75,0,0,0,0,Sunny,28,58,62,68,26
2026-06-01,food_snack_1,Crispy Punjabi Samosa (2 Pcs),Snacks,30,0,0,0,0,Sunny,28,105,112,124,48
2026-06-01,food_burger_1,Crispy Veg Aloo Tikki Burger,Snacks,60,0,0,0,0,Sunny,28,70,72,82,31
2026-06-01,food_bev_2,Creamy Thick Cold Coffee,Beverages,60,0,0,0,0,Sunny,28,115,118,135,46
2026-06-01,food_bev_1,Desi Masala Chai (Kulhad),Beverages,20,0,0,0,0,Sunny,28,180,185,210,75
2026-06-01,food_thali_1,Special North Indian Deluxe Thali,Meals,140,0,0,0,0,Sunny,28,52,50,62,38
2026-06-01,food_snack_3,Veg Spring Rolls (4 Pcs),Snacks,65,0,0,0,0,Sunny,28,64,66,74,29
2026-06-01,food_thali_3,Chole Kulche Combo (2 Pcs),Meals,95,0,0,0,0,Sunny,28,48,50,56,32
2026-06-01,food_fries_1,Peri-Peri Crispy French Fries,Snacks,65,0,0,0,0,Sunny,28,75,78,88,34
2026-06-01,food_des_2,Chocolate Brownie with Vanilla Scoop,Desserts,75,0,0,0,0,Sunny,28,40,42,48,18
2026-06-02,food_south_1,Crispy Butter Masala Dosa,Breakfast,75,1,0,0,0,Sunny,29,68,60,63,24
2026-06-02,food_snack_1,Crispy Punjabi Samosa (2 Pcs),Snacks,30,1,0,0,0,Sunny,29,124,108,118,44
2026-06-02,food_burger_1,Crispy Veg Aloo Tikki Burger,Snacks,60,1,0,0,0,Sunny,29,82,75,76,28
2026-06-02,food_bev_2,Creamy Thick Cold Coffee,Beverages,60,1,0,0,0,Sunny,29,135,120,126,42
2026-06-02,food_bev_1,Desi Masala Chai (Kulhad),Beverages,20,1,0,0,0,Sunny,29,210,190,195,70
2026-06-02,food_thali_1,Special North Indian Deluxe Thali,Meals,140,1,0,0,0,Sunny,29,62,54,58,35
2026-06-02,food_snack_3,Veg Spring Rolls (4 Pcs),Snacks,65,1,0,0,0,Sunny,29,74,68,70,27
2026-06-02,food_thali_3,Chole Kulche Combo (2 Pcs),Meals,95,1,0,0,0,Sunny,29,56,52,51,29
2026-06-02,food_fries_1,Peri-Peri Crispy French Fries,Snacks,65,1,0,0,0,Sunny,29,88,80,82,30
2026-06-02,food_des_2,Chocolate Brownie with Vanilla Scoop,Desserts,75,1,0,0,0,Sunny,29,48,44,46,17
2026-06-03,food_south_1,Crispy Butter Masala Dosa,Breakfast,75,2,0,0,0,Rainy,24,63,58,55,20
2026-06-03,food_snack_1,Crispy Punjabi Samosa (2 Pcs),Snacks,30,2,0,0,0,Rainy,24,118,110,145,55
2026-06-03,food_burger_1,Crispy Veg Aloo Tikki Burger,Snacks,60,2,0,0,0,Rainy,24,76,72,70,26
2026-06-03,food_bev_2,Creamy Thick Cold Coffee,Beverages,60,2,0,0,0,Rainy,24,126,115,85,25
2026-06-03,food_bev_1,Desi Masala Chai (Kulhad),Beverages,20,2,0,0,0,Rainy,24,195,188,245,95
2026-06-03,food_thali_1,Special North Indian Deluxe Thali,Meals,140,2,0,0,0,Rainy,24,58,52,54,32
2026-06-03,food_snack_3,Veg Spring Rolls (4 Pcs),Snacks,65,2,0,0,0,Rainy,24,70,65,72,28
2026-06-03,food_thali_3,Chole Kulche Combo (2 Pcs),Meals,95,2,0,0,0,Rainy,24,51,48,58,34
2026-06-03,food_fries_1,Peri-Peri Crispy French Fries,Snacks,65,2,0,0,0,Rainy,24,82,75,90,36
2026-06-03,food_des_2,Chocolate Brownie with Vanilla Scoop,Desserts,75,2,0,0,0,Rainy,24,46,40,52,22
2026-06-04,food_south_1,Crispy Butter Masala Dosa,Breakfast,75,3,0,0,0,Sunny,30,55,59,61,23
2026-06-04,food_snack_1,Crispy Punjabi Samosa (2 Pcs),Snacks,30,3,0,0,0,Sunny,30,145,112,115,42
2026-06-04,food_burger_1,Crispy Veg Aloo Tikki Burger,Snacks,60,3,0,0,0,Sunny,30,70,74,75,29
2026-06-04,food_bev_2,Creamy Thick Cold Coffee,Beverages,60,3,0,0,0,Sunny,30,85,122,130,45
2026-06-04,food_bev_1,Desi Masala Chai (Kulhad),Beverages,20,3,0,0,0,Sunny,30,245,185,190,68
2026-06-04,food_thali_1,Special North Indian Deluxe Thali,Meals,140,3,0,0,0,Sunny,30,54,53,56,34
2026-06-04,food_snack_3,Veg Spring Rolls (4 Pcs),Snacks,65,3,0,0,0,Sunny,30,72,67,69,26
2026-06-04,food_thali_3,Chole Kulche Combo (2 Pcs),Meals,95,3,0,0,0,Sunny,30,58,50,49,28
2026-06-04,food_fries_1,Peri-Peri Crispy French Fries,Snacks,65,3,0,0,0,Sunny,30,90,78,81,30
2026-06-04,food_des_2,Chocolate Brownie with Vanilla Scoop,Desserts,75,3,0,0,0,Sunny,30,52,42,44,16
2026-06-05,food_south_1,Crispy Butter Masala Dosa,Breakfast,75,4,0,0,0,Sunny,31,61,64,66,25
2026-06-05,food_snack_1,Crispy Punjabi Samosa (2 Pcs),Snacks,30,4,0,0,0,Sunny,31,115,120,132,50
2026-06-05,food_burger_1,Crispy Veg Aloo Tikki Burger,Snacks,60,4,0,0,0,Sunny,31,75,80,95,38
2026-06-05,food_bev_2,Creamy Thick Cold Coffee,Beverages,60,4,0,0,0,Sunny,31,130,132,145,52
2026-06-05,food_bev_1,Desi Masala Chai (Kulhad),Beverages,20,4,0,0,0,Sunny,31,190,192,205,74
2026-06-05,food_thali_1,Special North Indian Deluxe Thali,Meals,140,4,0,0,0,Sunny,31,56,58,60,36
2026-06-05,food_snack_3,Veg Spring Rolls (4 Pcs),Snacks,65,4,0,0,0,Sunny,31,69,72,82,32
2026-06-05,food_thali_3,Chole Kulche Combo (2 Pcs),Meals,95,4,0,0,0,Sunny,31,49,52,54,31
2026-06-05,food_fries_1,Peri-Peri Crispy French Fries,Snacks,65,4,0,0,0,Sunny,31,81,85,102,40
2026-06-05,food_des_2,Chocolate Brownie with Vanilla Scoop,Desserts,75,4,0,0,0,Sunny,31,44,48,58,24
2026-06-06,food_south_1,Crispy Butter Masala Dosa,Breakfast,75,5,1,0,0,Sunny,31,66,40,38,14
2026-06-06,food_snack_1,Crispy Punjabi Samosa (2 Pcs),Snacks,30,5,1,0,0,Sunny,31,132,65,60,22
2026-06-06,food_burger_1,Crispy Veg Aloo Tikki Burger,Snacks,60,5,1,0,0,Sunny,31,95,48,52,20
2026-06-06,food_bev_2,Creamy Thick Cold Coffee,Beverages,60,5,1,0,0,Sunny,31,145,70,68,24
2026-06-06,food_bev_1,Desi Masala Chai (Kulhad),Beverages,20,5,1,0,0,Sunny,31,205,95,90,32
2026-06-06,food_thali_1,Special North Indian Deluxe Thali,Meals,140,5,1,0,0,Sunny,31,60,30,28,16
2026-06-06,food_snack_3,Veg Spring Rolls (4 Pcs),Snacks,65,5,1,0,0,Sunny,31,82,40,42,16
2026-06-06,food_thali_3,Chole Kulche Combo (2 Pcs),Meals,95,5,1,0,0,Sunny,31,54,28,30,17
2026-06-06,food_fries_1,Peri-Peri Crispy French Fries,Snacks,65,5,1,0,0,Sunny,31,102,50,54,21
2026-06-06,food_des_2,Chocolate Brownie with Vanilla Scoop,Desserts,75,5,1,0,0,Sunny,31,58,26,28,11
